"mean","std","method"
"1","1.13956020990814","1.06751229014702","adaptive indirect"
"2","0.804428292966235","1.45298716514994","adaptive indirect"
"3","1.00420177823537","0.979433327465649","adaptive indirect"
"4","1.08279826658635","1.03145227839398","adaptive indirect"
"5","1.02825619642864","0.870206135974244","adaptive indirect"
"6","0.935241585286582","1.07066018661264","adaptive indirect"
"7","1.16566832666342","0.975110641864527","adaptive indirect"
"8","0.992346199902517","0.741697665319428","adaptive indirect"
"9","0.974380520060785","0.933496172268348","adaptive indirect"
"10","0.837301784819716","1.01705738550735","adaptive indirect"
"11","0.856786269826967","0.954898503789498","adaptive indirect"
"12","1.03921699536449","0.829113018523316","adaptive indirect"
"13","0.845147744446926","1.10116043738768","adaptive indirect"
"14","1.04320903946122","0.884685101055035","adaptive indirect"
"15","1.06327743990615","1.12578078787019","adaptive indirect"
"16","1.11504033556869","0.852268249064314","adaptive indirect"
"17","1.04111978490218","0.878154865639401","adaptive indirect"
"18","0.81171352175766","0.873812786045766","adaptive indirect"
"19","0.90041777747742","1.10507972005915","adaptive indirect"
"20","1.09016914862759","0.926704847918237","adaptive indirect"
"21","1.04853383403664","1.20208769562318","adaptive indirect"
"22","0.96068320457179","1.0958490312182","adaptive indirect"
"23","1.03169576719308","1.12174520290286","adaptive indirect"
"24","0.901393808863917","1.08798890183978","adaptive indirect"
"25","0.840773134551353","1.07149514420935","adaptive indirect"
"26","0.861179657191402","1.15281614057189","adaptive indirect"
"27","1.05159596007249","1.0314063929422","adaptive indirect"
"28","0.859126535074222","1.17130781563999","adaptive indirect"
"29","0.921236642592164","0.894090705400242","adaptive indirect"
"30","0.898268708469811","0.97892042267842","adaptive indirect"
"31","0.971954685326551","0.981321141867119","adaptive indirect"
"32","0.980469524287163","0.820427421428056","adaptive indirect"
"33","1.04294707492107","1.11135950755461","adaptive indirect"
"34","0.967205657767599","1.02460827607808","adaptive indirect"
"35","1.17560748717899","0.884732318453315","adaptive indirect"
"36","1.00392271436866","0.887177213182771","adaptive indirect"
"37","0.824822165632218","1.17918966451876","adaptive indirect"
"38","0.983335859734929","0.964729116643456","adaptive indirect"
"39","0.990016469530695","0.90559915262431","adaptive indirect"
"40","1.08603144110179","0.96990999273047","adaptive indirect"
"41","1.2014163036845","0.97451356434768","adaptive indirect"
"42","1.08924070121201","0.907303017324098","adaptive indirect"
"43","1.10305170684497","0.902006736487832","adaptive indirect"
"44","0.941932071102899","0.753500315900351","adaptive indirect"
"45","0.917161758911056","1.28507063528624","adaptive indirect"
"46","0.970129977941342","1.06161826680903","adaptive indirect"
"47","1.05522986838744","0.969041622589193","adaptive indirect"
"48","1.08027545612428","0.876734666218833","adaptive indirect"
"49","0.890280736133664","0.986801084611112","adaptive indirect"
"50","0.917866104083533","0.990035944925579","adaptive indirect"
"51","0.77749312194642","1.22850271281522","adaptive indirect"
"52","0.953112228830923","0.996239103377523","adaptive indirect"
"53","0.990852164154224","0.995313776735591","adaptive indirect"
"54","1.00374592646688","0.983447497589744","adaptive indirect"
"55","0.963601381388939","0.997998659912234","adaptive indirect"
"56","0.959129783906385","0.98462767051272","adaptive indirect"
"57","1.06456489463908","1.24758456899858","adaptive indirect"
"58","0.916807575713755","1.15763903474686","adaptive indirect"
"59","1.00710098471801","0.906097068234744","adaptive indirect"
"60","1.1121353189724","1.11160061306937","adaptive indirect"
"61","0.890889184536587","1.03788030837809","adaptive indirect"
"62","1.07425276037887","1.0164780517308","adaptive indirect"
"63","1.03998090669342","0.980317343617125","adaptive indirect"
"64","1.12307958170975","0.88115639760187","adaptive indirect"
"65","0.964388008590307","0.873595899605825","adaptive indirect"
"66","1.05427798311693","1.04832315563319","adaptive indirect"
"67","0.923023512398613","1.05051342497901","adaptive indirect"
"68","1.1307783641485","0.737475663270446","adaptive indirect"
"69","0.896740163414684","1.03217597295261","adaptive indirect"
"70","0.948623299792048","0.865696229044538","adaptive indirect"
"71","0.828805050013327","1.26454170098865","adaptive indirect"
"72","0.993496091730312","1.05980960331575","adaptive indirect"
"73","1.10458166480899","1.13513035403066","adaptive indirect"
"74","0.822075348096912","0.980924375655074","adaptive indirect"
"75","0.965820495215592","0.93950224047625","adaptive indirect"
"76","0.900616473142102","0.919633218480212","adaptive indirect"
"77","1.1037109812662","0.967360953458705","adaptive indirect"
"78","0.998087866488617","0.82841008027391","adaptive indirect"
"79","0.964067396719983","1.02077290905113","adaptive indirect"
"80","0.9608967130419","0.917792683280979","adaptive indirect"
"81","1.19343450754433","0.887340800242662","adaptive indirect"
"82","0.914131404462236","1.01369133116199","adaptive indirect"
"83","1.16487796031005","0.933495903549105","adaptive indirect"
"84","1.20376133824135","0.766377882292396","adaptive indirect"
"85","0.58827523416043","1.07736790266262","adaptive indirect"
"86","1.17519343491359","0.878690254278798","adaptive indirect"
"87","0.935459442692565","0.964290521547317","adaptive indirect"
"88","1.00190450578642","0.927458783366782","adaptive indirect"
"89","0.913559960539877","0.94764735447317","adaptive indirect"
"90","0.996274557919524","1.05506794615899","adaptive indirect"
"91","1.01520590109198","0.94966404220369","adaptive indirect"
"92","0.99922994027645","0.947196479300993","adaptive indirect"
"93","1.17616114910901","0.903705651573488","adaptive indirect"
"94","1.20589007030693","0.898716677384838","adaptive indirect"
"95","1.19064842859087","1.06632235434423","adaptive indirect"
"96","1.14741111921234","1.0805911514008","adaptive indirect"
"97","0.847506335022995","1.14889691034457","adaptive indirect"
"98","0.835031321199591","1.07543643957985","adaptive indirect"
"99","0.960082788476369","0.778399664219757","adaptive indirect"
"100","0.953665812981814","1.30651368514772","adaptive indirect"
"101","1.03881704490293","0.823623566088337","adaptive indirect"
"102","1.1102850346277","1.07069446929126","adaptive indirect"
"103","0.949548341374294","0.970882010929511","adaptive indirect"
"104","1.09785383873453","0.960678793051614","adaptive indirect"
"105","0.924300954571524","0.979942380897917","adaptive indirect"
"106","0.966610586169591","0.981413552519937","adaptive indirect"
"107","1.09756873142031","0.992506098934278","adaptive indirect"
"108","0.992049994749504","0.804112396384234","adaptive indirect"
"109","1.19294723758053","1.48711391990126","adaptive indirect"
"110","0.929753747434542","1.07359606930392","adaptive indirect"
"111","1.01231438351865","0.977649262552325","adaptive indirect"
"112","1.11844435118285","1.07147227551493","adaptive indirect"
"113","0.990572007255892","1.14657744324443","adaptive indirect"
"114","0.944423335744495","1.20711473274679","adaptive indirect"
"115","1.0113611851214","0.98080038700794","adaptive indirect"
"116","0.893537650163521","0.951022786067239","adaptive indirect"
"117","1.02926701394719","1.07064181525676","adaptive indirect"
"118","1.10272853428007","0.934836129301431","adaptive indirect"
"119","0.782511462488577","1.05246455996039","adaptive indirect"
"120","0.974797214867455","1.28220289934848","adaptive indirect"
"121","0.899706757709175","0.706057139506881","adaptive indirect"
"122","0.894716029189143","1.33554554162206","adaptive indirect"
"123","1.06456441003554","1.07161390986324","adaptive indirect"
"124","0.989282933827371","0.870991969215666","adaptive indirect"
"125","1.15026463276562","0.985035144320736","adaptive indirect"
"126","1.02221189778683","0.71808735187813","adaptive indirect"
"127","0.986754315133151","0.953301341392894","adaptive indirect"
"128","1.00915268276768","1.08655767802018","adaptive indirect"
"129","0.89001898021818","0.934628253026956","adaptive indirect"
"130","1.05343532867905","0.977408939726508","adaptive indirect"
"131","0.975224677156657","1.00866757120349","adaptive indirect"
"132","1.09290096221328","0.927867554307463","adaptive indirect"
"133","0.860576383748629","1.13378010198488","adaptive indirect"
"134","0.826055460611401","1.50542601009598","adaptive indirect"
"135","1.09318526218194","0.720114305957842","adaptive indirect"
"136","0.978003960725388","0.914347929757592","adaptive indirect"
"137","1.03818280548404","1.02891675006553","adaptive indirect"
"138","1.04687567325197","1.14958104275723","adaptive indirect"
"139","0.793980998329577","1.08834533568744","adaptive indirect"
"140","1.10269942160271","1.0546613990082","adaptive indirect"
"141","1.07353327106112","0.867484072086709","adaptive indirect"
"142","0.919068204848172","1.18077097140114","adaptive indirect"
"143","1.16960709803845","1.10170316548338","adaptive indirect"
"144","0.814191433790504","1.19575337474559","adaptive indirect"
"145","1.15340270410257","0.902040694864265","adaptive indirect"
"146","0.978470528454201","0.833186266590244","adaptive indirect"
"147","1.06810704038124","1.01659146551318","adaptive indirect"
"148","0.928666864042693","0.952860439092929","adaptive indirect"
"149","0.923484447675201","1.30255427598139","adaptive indirect"
"150","0.989705787016165","0.997330450280158","adaptive indirect"
"151","0.985778272606905","0.963191894540722","adaptive indirect"
"152","0.782690693336829","1.26245916816648","adaptive indirect"
"153","0.866943854030178","1.16691215845447","adaptive indirect"
"154","0.953022186806285","1.14625456052485","adaptive indirect"
"155","0.799962615312936","1.48432166176803","adaptive indirect"
"156","0.867578460944953","1.00003501622711","adaptive indirect"
"157","0.984147550577152","1.38393503246579","adaptive indirect"
"158","0.864370472626873","1.08054070708318","adaptive indirect"
"159","0.836788360543773","0.785471271809006","adaptive indirect"
"160","1.19938810539074","0.752750391027053","adaptive indirect"
"161","1.0021051189706","1.15940979850428","adaptive indirect"
"162","1.00150474627389","1.00680323159383","adaptive indirect"
"163","0.883538775573223","1.11937034130262","adaptive indirect"
"164","0.960610735247954","0.997501033789206","adaptive indirect"
"165","1.22550223256953","0.909801705145029","adaptive indirect"
"166","1.08118330483569","1.05030186853544","adaptive indirect"
"167","0.942083743927348","0.726697762738892","adaptive indirect"
"168","1.13425880448419","0.995903192683206","adaptive indirect"
"169","0.997417871429035","0.993782895528387","adaptive indirect"
"170","1.05092540769019","0.949048767186467","adaptive indirect"
"171","1.05719344800753","1.03880764590233","adaptive indirect"
"172","0.981921399575087","1.02081108076415","adaptive indirect"
"173","1.15360313238738","0.928832398384642","adaptive indirect"
"174","1.20125101000852","0.962249031769637","adaptive indirect"
"175","1.08334433511124","1.02118678781757","adaptive indirect"
"176","0.870890035239437","1.0132964394879","adaptive indirect"
"177","1.16636067150366","0.919933373951402","adaptive indirect"
"178","1.08607194153274","1.28579046291574","adaptive indirect"
"179","1.13905455543625","0.93153682321313","adaptive indirect"
"180","1.09113889909404","1.10026776276975","adaptive indirect"
"181","1.08640559474928","1.02201715304491","adaptive indirect"
"182","1.04693544349303","0.748420659525144","adaptive indirect"
"183","1.02285681486399","0.930329059105777","adaptive indirect"
"184","0.993648119901917","0.908023296361753","adaptive indirect"
"185","1.17875458943301","0.919920309524001","adaptive indirect"
"186","1.08753118160961","0.851855431402679","adaptive indirect"
"187","1.14605733227955","0.732432315056076","adaptive indirect"
"188","1.0292617762402","1.08243649677207","adaptive indirect"
"189","1.09194582778805","0.858570284975722","adaptive indirect"
"190","0.948080397069737","0.78389366410196","adaptive indirect"
"191","0.885777163713758","0.982309860995117","adaptive indirect"
"192","0.973044783659884","1.15352726387452","adaptive indirect"
"193","0.991873060294564","0.989937889552764","adaptive indirect"
"194","0.872092592884639","1.13692379571305","adaptive indirect"
"195","0.934997319390675","1.04247300804365","adaptive indirect"
"196","0.929445493699374","1.34015858956538","adaptive indirect"
"197","1.11854599842702","0.994741097692232","adaptive indirect"
"198","1.06973125413198","0.796391297855003","adaptive indirect"
"199","1.13769573817873","0.946444955187016","adaptive indirect"
"200","1.01748300246098","0.940139158442799","adaptive indirect"
"201","0.977510375555081","0.822989203746048","adaptive indirect"
"202","1.11427051596162","0.987434340859274","adaptive indirect"
"203","1.14937397448187","1.08783425365158","adaptive indirect"
"204","0.93628671942706","1.00588573205183","adaptive indirect"
"205","0.902263571841708","0.988188262619907","adaptive indirect"
"206","1.03400814949758","1.11738711653321","adaptive indirect"
"207","0.999504763495689","0.629993083488266","adaptive indirect"
"208","0.967441205865897","1.30857371609351","adaptive indirect"
"209","1.05597240804284","1.12638320687439","adaptive indirect"
"210","0.952132651443541","1.09840052173556","adaptive indirect"
"211","1.10236806515055","0.905406603529696","adaptive indirect"
"212","0.985422127911753","1.10110921734206","adaptive indirect"
"213","0.998929619882213","1.10230090685022","adaptive indirect"
"214","0.99833357681855","1.02540901048998","adaptive indirect"
"215","1.02360687017387","1.04703381867314","adaptive indirect"
"216","1.12293727673163","1.10986740415938","adaptive indirect"
"217","0.974230356553798","1.29679870093355","adaptive indirect"
"218","1.25455962344946","0.855671324327141","adaptive indirect"
"219","0.843768913584852","1.15855851695804","adaptive indirect"
"220","0.819390995982221","1.15070286718838","adaptive indirect"
"221","1.03211645593924","1.1083610612342","adaptive indirect"
"222","1.07523028406964","0.925372705770406","adaptive indirect"
"223","1.1034643821643","0.962907114329359","adaptive indirect"
"224","0.848692248790709","1.14237381987552","adaptive indirect"
"225","1.21768049007646","0.806971491343823","adaptive indirect"
"226","0.875455704069003","0.83546223540076","adaptive indirect"
"227","0.935840586114898","1.10069536700127","adaptive indirect"
"228","1.00620896841389","0.956100938168743","adaptive indirect"
"229","0.855571344159905","1.12884561941885","adaptive indirect"
"230","1.03327296440545","0.851517991290054","adaptive indirect"
"231","0.974340275043044","0.928879794225593","adaptive indirect"
"232","1.12161432310873","1.16138375713197","adaptive indirect"
"233","1.00206795504179","0.999921674261498","adaptive indirect"
"234","0.960405896468224","1.07247768466004","adaptive indirect"
"235","1.02850973709678","0.956174353857435","adaptive indirect"
"236","0.835806803496743","1.25474253273573","adaptive indirect"
"237","0.932029085501217","0.850173691735156","adaptive indirect"
"238","1.16683060077698","0.948275727193501","adaptive indirect"
"239","0.85805863320294","1.23316376941765","adaptive indirect"
"240","1.0384798341045","0.933004972081757","adaptive indirect"
"241","0.905060522038501","0.941052716914857","adaptive indirect"
"242","0.881083756600894","0.798878789219551","adaptive indirect"
"243","1.08958469749477","1.09837104302724","adaptive indirect"
"244","1.07287218299726","1.14944770765168","adaptive indirect"
"245","0.97373005975997","1.06611480973598","adaptive indirect"
"246","1.00255558029587","1.05108941188632","adaptive indirect"
"247","1.08731887072945","0.975358808975187","adaptive indirect"
"248","0.833065907295603","1.19377421742558","adaptive indirect"
"249","1.07605882714201","0.904469676813323","adaptive indirect"
"250","0.992778147707346","0.920538635817293","adaptive indirect"
"251","0.864263127716385","0.903607651088988","adaptive indirect"
"252","1.11686254833364","0.912229779516173","adaptive indirect"
"253","0.839464406279194","1.20638842454801","adaptive indirect"
"254","1.14821276828553","1.0088118304067","adaptive indirect"
"255","1.02676500623487","0.814844839721568","adaptive indirect"
"256","0.96571396158863","0.968053645948535","adaptive indirect"
"257","0.883664503048047","1.10054422690388","adaptive indirect"
"258","1.1046946433616","0.777742512354378","adaptive indirect"
"259","0.778670912616822","1.03750097884025","adaptive indirect"
"260","0.970185756307726","1.19973828329659","adaptive indirect"
"261","0.84955221573064","1.13403286517863","adaptive indirect"
"262","0.9557190004124","0.970486515422486","adaptive indirect"
"263","0.912955169025344","0.956823780086141","adaptive indirect"
"264","0.947444772550578","1.00302302140972","adaptive indirect"
"265","0.839871992026769","0.988033831853108","adaptive indirect"
"266","1.06849809215335","1.00527113824998","adaptive indirect"
"267","1.04784304242349","1.11764246341525","adaptive indirect"
"268","0.949561494859016","1.09667997225379","adaptive indirect"
"269","0.712045172030141","0.903658217538483","adaptive indirect"
"270","0.962043831951881","1.01869107733807","adaptive indirect"
"271","0.98090059094189","0.921002043970003","adaptive indirect"
"272","1.00520533249114","1.14316644401013","adaptive indirect"
"273","1.00134032782474","0.834528512548812","adaptive indirect"
"274","1.05544364454106","0.875694853423724","adaptive indirect"
"275","1.0823674850682","0.743728739643435","adaptive indirect"
"276","0.996230576121175","0.905988423757719","adaptive indirect"
"277","1.06281519883199","1.10970996586004","adaptive indirect"
"278","0.844289574864994","1.08690311902965","adaptive indirect"
"279","1.10047576809917","1.08233937769468","adaptive indirect"
"280","0.83319631510431","1.08251711273878","adaptive indirect"
"281","1.08760747094268","1.27146377422329","adaptive indirect"
"282","0.968168520166385","0.933454238410426","adaptive indirect"
"283","1.09209315451981","1.12929224992607","adaptive indirect"
"284","1.09732422820884","0.98213995107597","adaptive indirect"
"285","0.984453731514359","0.993645767173203","adaptive indirect"
"286","1.25562116020783","1.08264252087514","adaptive indirect"
"287","1.03161349403078","1.12240744834351","adaptive indirect"
"288","1.02554449851609","0.91774924156924","adaptive indirect"
"289","1.10354626215635","1.03370345164183","adaptive indirect"
"290","1.26274230477834","0.878991831496894","adaptive indirect"
"291","1.06510832509037","1.27822833155772","adaptive indirect"
"292","1.08126456475685","0.931689020233408","adaptive indirect"
"293","1.01582518427326","1.241446447392","adaptive indirect"
"294","0.988122084685574","0.959224618767025","adaptive indirect"
"295","0.994310903045097","1.05501497302936","adaptive indirect"
"296","1.07250003493338","1.08993715804337","adaptive indirect"
"297","0.919685836768538","1.04720781078281","adaptive indirect"
"298","1.06739545143279","1.18191245379064","adaptive indirect"
"299","1.09459442022164","1.01492489285634","adaptive indirect"
"300","1.08418035790982","1.00044241035532","adaptive indirect"
"301","0.996346265476421","0.752192278684304","adaptive indirect"
"302","0.87470820166172","0.909746802354585","adaptive indirect"
"303","1.00441625175552","1.09959781186074","adaptive indirect"
"304","1.13047852556337","1.28845069527876","adaptive indirect"
"305","0.973565313407693","1.04141434050963","adaptive indirect"
"306","0.989666464719848","0.904456257451371","adaptive indirect"
"307","0.885579473508974","1.02477155119179","adaptive indirect"
"308","1.06496724357886","1.07044194904297","adaptive indirect"
"309","0.909602366921101","1.1281286704455","adaptive indirect"
"310","0.97047439189061","0.839879060960618","adaptive indirect"
"311","0.951747562075329","1.03800559103501","adaptive indirect"
"312","1.04355176459457","1.05792450910995","adaptive indirect"
"313","0.934513938683562","1.14912264173197","adaptive indirect"
"314","1.03930566302548","0.801802438972279","adaptive indirect"
"315","0.990326911686955","0.980917215326749","adaptive indirect"
"316","0.919634879255809","1.03091557602453","adaptive indirect"
"317","1.04577835572303","0.852246084487884","adaptive indirect"
"318","0.827177262258681","0.97065782572729","adaptive indirect"
"319","0.851356784221059","1.39258739512152","adaptive indirect"
"320","0.916389774840839","0.979784746905934","adaptive indirect"
"321","0.98574233925366","0.892395086104594","adaptive indirect"
"322","0.848273561078207","1.25020906317","adaptive indirect"
"323","1.13283241003284","0.857275168358561","adaptive indirect"
"324","0.973039465854701","1.15881398498572","adaptive indirect"
"325","1.04041961952402","0.845389586726403","adaptive indirect"
"326","1.01466900433064","1.17125157062963","adaptive indirect"
"327","0.978975437963272","0.985593092104047","adaptive indirect"
"328","1.15747250635475","1.36055820979381","adaptive indirect"
"329","0.971498408559911","0.870827743963385","adaptive indirect"
"330","0.87338176241554","0.968236849131401","adaptive indirect"
"331","0.946691447795284","1.46402556452027","adaptive indirect"
"332","1.0175221675652","0.725501495687112","adaptive indirect"
"333","0.972954837071307","0.868198260998785","adaptive indirect"
"334","0.970157470615715","1.1316063783688","adaptive indirect"
"335","0.976358152970595","1.06294697144853","adaptive indirect"
"336","0.97091153746059","1.10274997018526","adaptive indirect"
"337","0.931280164927221","0.86441684881221","adaptive indirect"
"338","1.1106554865897","0.891756284178979","adaptive indirect"
"339","0.640056811958309","1.32596535762942","adaptive indirect"
"340","0.971075149105244","0.960045213263985","adaptive indirect"
"341","1.00622093459468","1.09366832322888","adaptive indirect"
"342","0.918238848693773","1.09033497794108","adaptive indirect"
"343","0.920041417035713","0.737388450495701","adaptive indirect"
"344","0.978254951532301","1.04294135630542","adaptive indirect"
"345","0.869685275990889","1.16649452852405","adaptive indirect"
"346","1.15392687696282","0.946055504312275","adaptive indirect"
"347","0.950847237896426","0.652170573633105","adaptive indirect"
"348","1.04098210147797","0.875733599220768","adaptive indirect"
"349","1.10977668641474","1.06955944000136","adaptive indirect"
"350","1.05935211858609","0.917669602077941","adaptive indirect"
"351","1.03497138312255","0.965755066358696","adaptive indirect"
"352","1.03596762600195","1.06162832888923","adaptive indirect"
"353","0.798227833174965","1.05137615915047","adaptive indirect"
"354","0.989965685593711","0.936887059104142","adaptive indirect"
"355","0.929944530436899","1.255961213705","adaptive indirect"
"356","1.33083538463894","1.04230924954469","adaptive indirect"
"357","0.961661487648244","0.780063511482119","adaptive indirect"
"358","1.05121090389625","1.04922566356472","adaptive indirect"
"359","1.03065761845611","0.955653821040325","adaptive indirect"
"360","1.15131874530146","1.09905429690934","adaptive indirect"
"361","1.09963110539493","0.894964838936784","adaptive indirect"
"362","0.974209275038796","1.15680422051648","adaptive indirect"
"363","1.20292253750219","1.26044718828027","adaptive indirect"
"364","1.06311478259841","0.827320682001809","adaptive indirect"
"365","0.894268189859554","0.899181450343675","adaptive indirect"
"366","0.949061522914921","0.948115695002109","adaptive indirect"
"367","0.853042789264639","1.02289758123122","adaptive indirect"
"368","0.999818301209065","0.932758189583188","adaptive indirect"
"369","1.00026505347683","0.927291857683099","adaptive indirect"
"370","1.05084073972258","0.745089117625785","adaptive indirect"
"371","1.0394422808202","1.01171187746342","adaptive indirect"
"372","0.964268017175824","0.845624636033081","adaptive indirect"
"373","0.868474903896416","0.873019265964113","adaptive indirect"
"374","0.990006568338536","0.961282485971855","adaptive indirect"
"375","1.11871229807182","1.0938954642864","adaptive indirect"
"376","0.94087407237496","1.05551780893852","adaptive indirect"
"377","0.976757013765828","0.954689260013148","adaptive indirect"
"378","0.96873834590256","1.08042827549199","adaptive indirect"
"379","0.866424160095625","0.994760817121969","adaptive indirect"
"380","0.925691535743941","0.949425338292445","adaptive indirect"
"381","1.01700947773159","1.05235795549764","adaptive indirect"
"382","0.992345703744445","1.13740466343823","adaptive indirect"
"383","0.958771765804325","1.0819430333863","adaptive indirect"
"384","0.839307532029905","1.16792464851509","adaptive indirect"
"385","0.952893127259333","1.2112143363648","adaptive indirect"
"386","0.992354416468299","1.00898673325806","adaptive indirect"
"387","1.14172402527443","0.816849540619793","adaptive indirect"
"388","1.13629458227938","0.922915113114344","adaptive indirect"
"389","1.17321796590417","0.800346040011963","adaptive indirect"
"390","1.23767330312509","0.864120626972727","adaptive indirect"
"391","0.980453278817153","0.8992285240102","adaptive indirect"
"392","0.862918691828251","0.999961420543078","adaptive indirect"
"393","0.868191896019244","0.991799661504803","adaptive indirect"
"394","0.986994659853257","0.904475662499172","adaptive indirect"
"395","0.989502928971354","0.937698907186443","adaptive indirect"
"396","0.984873178112734","1.0221405121687","adaptive indirect"
"397","0.902271458614875","0.806287876352361","adaptive indirect"
"398","0.850125750234314","1.21209600719275","adaptive indirect"
"399","1.08033394605542","1.0009865533549","adaptive indirect"
"400","0.97163004610361","0.778777258224537","adaptive indirect"
"401","0.964382415153088","1.07427458782481","adaptive indirect"
"402","0.880905014956934","0.81497941119677","adaptive indirect"
"403","1.04160893473015","0.949106236896255","adaptive indirect"
"404","1.18161153589588","0.922514111018901","adaptive indirect"
"405","0.924415626882092","0.958463533742523","adaptive indirect"
"406","0.802542254757679","1.35585838027171","adaptive indirect"
"407","1.01859090164783","0.971918866650586","adaptive indirect"
"408","1.01325891361885","0.918171766407354","adaptive indirect"
"409","0.885720761459309","1.29627397244103","adaptive indirect"
"410","1.00063889147136","0.752860853464162","adaptive indirect"
"411","0.977736618780357","0.945061719117622","adaptive indirect"
"412","1.01939419673253","1.05015694371779","adaptive indirect"
"413","0.886679254162792","0.970944568584559","adaptive indirect"
"414","0.914727077945254","1.14069294343999","adaptive indirect"
"415","0.97970005018795","1.03141129978068","adaptive indirect"
"416","0.997206971592892","1.03765919107665","adaptive indirect"
"417","0.899392713337811","1.20015541363498","adaptive indirect"
"418","1.01569838326213","0.994019871552684","adaptive indirect"
"419","1.0882655210253","0.983668370547692","adaptive indirect"
"420","0.920405517732733","0.94176553200511","adaptive indirect"
"421","1.11568809005324","1.13893982024207","adaptive indirect"
"422","0.967823747411613","0.947873953754055","adaptive indirect"
"423","0.993698057546559","0.900794475680982","adaptive indirect"
"424","0.990100876952941","0.926684436905148","adaptive indirect"
"425","1.03303126820041","0.836199826208809","adaptive indirect"
"426","1.02857201913648","1.06151173740512","adaptive indirect"
"427","1.08137414886558","1.07684483527783","adaptive indirect"
"428","1.08952986530959","1.05077759873246","adaptive indirect"
"429","1.08448639138432","0.87310429449324","adaptive indirect"
"430","1.05301828367696","0.955535218351587","adaptive indirect"
"431","0.938971541386351","0.978307170893699","adaptive indirect"
"432","0.821116714215248","1.05822589474472","adaptive indirect"
"433","1.076777631983","0.92373807100228","adaptive indirect"
"434","0.924055133296688","0.927544455004928","adaptive indirect"
"435","1.20636972398279","1.0457283739267","adaptive indirect"
"436","0.91936262796987","1.14847058731286","adaptive indirect"
"437","0.65775266214767","1.05025959557676","adaptive indirect"
"438","0.926481989191747","1.15172375713471","adaptive indirect"
"439","1.02803198525303","1.02095599740154","adaptive indirect"
"440","1.2886861986793","0.879675290801902","adaptive indirect"
"441","1.07207029194217","1.16027012107042","adaptive indirect"
"442","1.06147887633262","1.14719380399135","adaptive indirect"
"443","1.01469149297666","0.98084336068866","adaptive indirect"
"444","0.814032032558709","1.07464529434149","adaptive indirect"
"445","0.777997050279852","1.30764083773032","adaptive indirect"
"446","0.855699572545658","0.658502053724206","adaptive indirect"
"447","1.044844120981","0.957709702570439","adaptive indirect"
"448","0.933780619095348","0.919251996894038","adaptive indirect"
"449","1.12327081045033","0.953310305367307","adaptive indirect"
"450","0.803684908060827","0.964377231193313","adaptive indirect"
"451","0.89666195607039","1.10525755872158","adaptive indirect"
"452","0.848017216283313","1.11671809478851","adaptive indirect"
"453","0.91034806176533","1.27313265181757","adaptive indirect"
"454","1.10504066333537","0.882243966787551","adaptive indirect"
"455","1.1724783881806","0.942260829803254","adaptive indirect"
"456","1.10400326695455","0.977522731916455","adaptive indirect"
"457","0.884278967925239","0.98370706570367","adaptive indirect"
"458","1.14720155648006","0.923549977686157","adaptive indirect"
"459","1.22230989310432","0.961273830753791","adaptive indirect"
"460","0.990867662144613","0.903334486283508","adaptive indirect"
"461","1.08475112086414","0.71751599123381","adaptive indirect"
"462","1.1219820119728","0.666437919713353","adaptive indirect"
"463","1.06923164964073","0.808833500141443","adaptive indirect"
"464","1.04319659557382","0.685991446352466","adaptive indirect"
"465","0.951939397682436","0.930137069492669","adaptive indirect"
"466","0.872651751258676","1.0296834743577","adaptive indirect"
"467","1.16378511706844","1.29271960622488","adaptive indirect"
"468","1.05375368712866","0.850423514060633","adaptive indirect"
"469","0.969543501713399","0.986019233588999","adaptive indirect"
"470","0.959496611600554","0.902969354031844","adaptive indirect"
"471","0.908680947859844","0.941456179439592","adaptive indirect"
"472","0.975669163443086","1.06504094384479","adaptive indirect"
"473","0.880045336078612","0.991828363734712","adaptive indirect"
"474","0.870706047168213","0.930694659142452","adaptive indirect"
"475","0.987290626383592","1.15475814451921","adaptive indirect"
"476","1.00827902834936","1.10687726284423","adaptive indirect"
"477","1.08956553420272","0.955556817721374","adaptive indirect"
"478","0.990837056686875","0.922170039377446","adaptive indirect"
"479","0.957014942840166","0.940017253027567","adaptive indirect"
"480","1.0954988751907","0.995050005853923","adaptive indirect"
"481","0.996521472949532","1.1264079388883","adaptive indirect"
"482","0.95307803684537","0.836025416305879","adaptive indirect"
"483","0.625937174071143","0.958541861692325","adaptive indirect"
"484","1.13414719168946","0.808850559415262","adaptive indirect"
"485","0.873852913486811","0.918609825753805","adaptive indirect"
"486","1.13519863650809","1.23828941515895","adaptive indirect"
"487","0.964933972616078","0.898282354236024","adaptive indirect"
"488","0.95224651334484","0.892575233362282","adaptive indirect"
"489","0.998745390720351","1.05339981833937","adaptive indirect"
"490","0.957020363384808","0.900142094378047","adaptive indirect"
"491","0.974164913192627","0.966731389075757","adaptive indirect"
"492","1.00036163747538","1.10435779034109","adaptive indirect"
"493","0.938861332415779","1.13916017225628","adaptive indirect"
"494","1.02862171560904","1.0318390887289","adaptive indirect"
"495","0.867208917861179","1.06321630354792","adaptive indirect"
"496","1.10923794587461","1.02157189838361","adaptive indirect"
"497","1.12681998154031","0.941227028944587","adaptive indirect"
"498","0.767585532938636","1.16556513999782","adaptive indirect"
"499","1.11940924000385","0.859738814432725","adaptive indirect"
"500","0.959464152214693","1.02981962146998","adaptive indirect"
"501","1.25919925334431","0.848983808796252","adaptive indirect"
"502","1.06347693516696","0.849764412214155","adaptive indirect"
"503","1.02544335504605","1.00087987439397","adaptive indirect"
"504","0.995362539184008","1.08324735755932","adaptive indirect"
"505","0.864640602367689","0.988842615752961","adaptive indirect"
"506","0.986410044691588","0.989992014447969","adaptive indirect"
"507","1.02119516454097","1.08079553135881","adaptive indirect"
"508","1.02172503565338","0.820672608064015","adaptive indirect"
"509","0.740095694780192","1.15622168486783","adaptive indirect"
"510","1.03375717010578","0.723942272198632","adaptive indirect"
"511","0.9630377201704","0.902477440910631","adaptive indirect"
"512","0.892201154809998","1.33623340651296","adaptive indirect"
"513","0.818818638305726","1.17820092904852","adaptive indirect"
"514","1.09341102625239","1.25518201159391","adaptive indirect"
"515","1.25187167009599","0.955433666013304","adaptive indirect"
"516","1.19856889963769","1.0836962739322","adaptive indirect"
"517","0.851264599569311","1.21594731781569","adaptive indirect"
"518","0.9145208147254","0.795312713080037","adaptive indirect"
"519","1.12886576229464","1.10498987103416","adaptive indirect"
"520","1.03934776046016","0.934683789112704","adaptive indirect"
"521","1.07240535637409","0.877338630041559","adaptive indirect"
"522","1.27362027539607","1.08136431686801","adaptive indirect"
"523","0.987211348680949","0.94831197109895","adaptive indirect"
"524","0.955633646120842","0.953508019250945","adaptive indirect"
"525","1.01302897629405","1.36677897260154","adaptive indirect"
"526","1.12123498052714","0.976270480038865","adaptive indirect"
"527","0.939727173521817","1.25479959032084","adaptive indirect"
"528","0.994918076675168","0.85775007754667","adaptive indirect"
"529","1.11705892488725","0.581538414718229","adaptive indirect"
"530","0.854506070826739","0.994652169602492","adaptive indirect"
"531","0.741288094789475","0.86196312072573","adaptive indirect"
"532","0.93715011333211","1.04936603966841","adaptive indirect"
"533","1.16694599776284","1.00808164613721","adaptive indirect"
"534","0.924354877643462","1.2396578226997","adaptive indirect"
"535","0.881248103122154","1.07637779049661","adaptive indirect"
"536","0.806692172133223","1.01660129187771","adaptive indirect"
"537","0.920032461804054","1.09161503707763","adaptive indirect"
"538","1.17377505482394","0.938142137145896","adaptive indirect"
"539","0.845955172628879","1.1345025875551","adaptive indirect"
"540","0.999424424626865","0.966613010477015","adaptive indirect"
"541","0.921170954584689","0.914177683089882","adaptive indirect"
"542","0.97010427446984","1.14671214048821","adaptive indirect"
"543","1.04283611250806","0.721156061672488","adaptive indirect"
"544","1.17029142560644","1.00228717257167","adaptive indirect"
"545","1.0504484496493","0.860194749758532","adaptive indirect"
"546","1.04305087012421","0.972551748548204","adaptive indirect"
"547","0.961649891271901","0.974346140226658","adaptive indirect"
"548","0.99923582959996","1.14233663860234","adaptive indirect"
"549","0.967616211398424","0.956623168537235","adaptive indirect"
"550","1.16464092212539","0.716268371057404","adaptive indirect"
"551","1.01111729424927","1.2690345809439","adaptive indirect"
"552","1.06109694826779","0.981820821073581","adaptive indirect"
"553","1.02151434691038","1.01277605671783","adaptive indirect"
"554","1.17679284790195","1.00859777020556","adaptive indirect"
"555","1.09414127209386","0.811810054853695","adaptive indirect"
"556","1.09394196178969","0.945383943631107","adaptive indirect"
"557","1.05568370722217","1.0011212546523","adaptive indirect"
"558","0.882328156595996","1.11949331735674","adaptive indirect"
"559","1.27260745086876","0.787773908374684","adaptive indirect"
"560","0.965832965709614","0.949253569607851","adaptive indirect"
"561","1.06769749336913","1.02132104810877","adaptive indirect"
"562","1.03084897193277","0.962842212777444","adaptive indirect"
"563","1.00876836068803","0.864709490929225","adaptive indirect"
"564","0.9116156005672","1.15182915510846","adaptive indirect"
"565","0.861555537838903","1.21106352998387","adaptive indirect"
"566","0.702702560442142","1.14823865705531","adaptive indirect"
"567","0.96387239609697","1.02082643851865","adaptive indirect"
"568","1.01593973141816","1.26958887544821","adaptive indirect"
"569","1.12152494098006","1.13594987170632","adaptive indirect"
"570","1.06368008629909","1.04084432617388","adaptive indirect"
"571","0.891370870985412","1.07546751347247","adaptive indirect"
"572","1.09835527285691","0.89776303197053","adaptive indirect"
"573","1.02276223883892","1.20794454976384","adaptive indirect"
"574","0.796051648796486","1.45899866881406","adaptive indirect"
"575","0.925387150154138","0.980894954461594","adaptive indirect"
"576","1.09924228056098","1.08566713416267","adaptive indirect"
"577","1.01958272563498","0.882800823191528","adaptive indirect"
"578","0.946780495813314","1.19063644460579","adaptive indirect"
"579","0.906370539215039","1.06634167194701","adaptive indirect"
"580","1.13514590551168","0.922638024648019","adaptive indirect"
"581","0.997152448335567","0.752479217346817","adaptive indirect"
"582","1.04193843700955","0.90399278742762","adaptive indirect"
"583","1.05152536433442","1.27211287998202","adaptive indirect"
"584","0.722731764434638","1.16021740304578","adaptive indirect"
"585","0.974116931215751","1.10451247515819","adaptive indirect"
"586","0.963058895962031","0.798028918675069","adaptive indirect"
"587","1.07858560596351","1.09612813240732","adaptive indirect"
"588","1.09854103967373","0.941904833914274","adaptive indirect"
"589","0.934953616290293","1.05542863727212","adaptive indirect"
"590","1.00959707598153","1.09446297120012","adaptive indirect"
"591","1.00024307539957","1.02447634744994","adaptive indirect"
"592","0.948606010432251","1.12391506984721","adaptive indirect"
"593","0.989276757131054","1.01922413818285","adaptive indirect"
"594","0.909645777480057","1.16918042861176","adaptive indirect"
"595","1.04893362014762","1.10171381377041","adaptive indirect"
"596","0.939368865380218","0.977055143712521","adaptive indirect"
"597","1.0634873678177","0.873900691288689","adaptive indirect"
"598","1.06893624553017","0.95306116768366","adaptive indirect"
"599","0.821167980180278","1.43019864911344","adaptive indirect"
"600","1.13441958491659","0.824012608906787","adaptive indirect"
"601","1.08230552333488","0.924840042375346","adaptive indirect"
"602","0.712692059548156","1.32238725461989","adaptive indirect"
"603","1.01123316465753","1.18897408707118","adaptive indirect"
"604","0.905378159899831","0.910688850451423","adaptive indirect"
"605","0.83704685901427","1.3149763779979","adaptive indirect"
"606","0.925107649824195","1.33945064301038","adaptive indirect"
"607","0.741756720569406","1.15040347667218","adaptive indirect"
"608","1.03665945910576","0.944299076201287","adaptive indirect"
"609","0.813814577591226","1.1676923092706","adaptive indirect"
"610","0.820455853722528","1.18933265727709","adaptive indirect"
"611","0.785824170464895","0.867602341436785","adaptive indirect"
"612","1.11622016040894","1.1840911928624","adaptive indirect"
"613","1.08513981932996","1.04907051372068","adaptive indirect"
"614","0.861851702411538","0.987454951733977","adaptive indirect"
"615","1.04535937544304","1.06941455888542","adaptive indirect"
"616","1.06842344726372","0.934729842891037","adaptive indirect"
"617","0.810151788607228","1.27598484732166","adaptive indirect"
"618","1.03511302912647","0.916168362366456","adaptive indirect"
"619","0.962416935817442","0.860831073580098","adaptive indirect"
"620","1.07767470306482","1.02621400028442","adaptive indirect"
"621","1.00568583098498","1.09570290488303","adaptive indirect"
"622","1.00594345012713","1.07410874087059","adaptive indirect"
"623","1.01942323438267","0.656841505003264","adaptive indirect"
"624","0.876593518886254","0.895717474080874","adaptive indirect"
"625","0.856983264569965","0.911713754161207","adaptive indirect"
"626","1.11573402068241","1.04684536649755","adaptive indirect"
"627","0.832832606277984","1.00264189650363","adaptive indirect"
"628","1.08484920501583","1.07909477687691","adaptive indirect"
"629","1.06327847429453","0.916973125531471","adaptive indirect"
"630","1.03549377210619","1.05028239989217","adaptive indirect"
"631","0.932476088946704","1.14175409279291","adaptive indirect"
"632","1.07149651536714","0.982007746490566","adaptive indirect"
"633","0.936072853864605","1.04956078654027","adaptive indirect"
"634","1.11555896617251","1.0259813150853","adaptive indirect"
"635","1.19343570455092","1.14654095829839","adaptive indirect"
"636","0.935175976231776","1.36937550925544","adaptive indirect"
"637","1.01163335150933","1.03618815908379","adaptive indirect"
"638","1.18021855376989","0.776732878366693","adaptive indirect"
"639","0.982418321075197","1.08213224574395","adaptive indirect"
"640","1.02311104773769","1.37963809307324","adaptive indirect"
"641","1.01479009397614","1.05592911862489","adaptive indirect"
"642","0.88711711912884","1.01746616522573","adaptive indirect"
"643","1.07949768399574","1.02461593258845","adaptive indirect"
"644","1.09306972899701","1.03495823882307","adaptive indirect"
"645","0.908970217976374","1.22065606789008","adaptive indirect"
"646","0.771465054211743","0.975680818489093","adaptive indirect"
"647","0.970441398050341","1.293180311406","adaptive indirect"
"648","0.974075282092299","0.959966581752025","adaptive indirect"
"649","0.966658900876516","0.760491090120464","adaptive indirect"
"650","0.942569350549845","1.04294782401663","adaptive indirect"
"651","1.16538115610062","1.03261253155987","adaptive indirect"
"652","1.16519212269843","0.835480131934343","adaptive indirect"
"653","1.04930193310666","1.00531808396458","adaptive indirect"
"654","0.97206268951792","0.773147406536453","adaptive indirect"
"655","1.13764120723051","0.975846949910562","adaptive indirect"
"656","1.01997589195344","0.993466418078639","adaptive indirect"
"657","0.944651032416822","1.06555865982236","adaptive indirect"
"658","0.79107643879629","1.30039577601235","adaptive indirect"
"659","1.00694486640053","0.953109062838559","adaptive indirect"
"660","1.04250277369594","0.886655458053606","adaptive indirect"
"661","0.840245754643004","1.29956893335788","adaptive indirect"
"662","0.794603131008689","1.31875225597311","adaptive indirect"
"663","1.08861060320139","1.00744510157456","adaptive indirect"
"664","0.954644832843747","0.994158396164495","adaptive indirect"
"665","1.07531679609493","0.899601605485268","adaptive indirect"
"666","0.89025436674854","1.1730856309428","adaptive indirect"
"667","1.1891673281534","1.11479669131207","adaptive indirect"
"668","0.868380117232805","1.54693978325858","adaptive indirect"
"669","0.765806771258921","0.750214677418648","adaptive indirect"
"670","0.908861858490659","1.09558549518167","adaptive indirect"
"671","0.803499743769905","1.27966571632206","adaptive indirect"
"672","1.07161047543223","0.682282046049787","adaptive indirect"
"673","0.796347679829546","1.02263781877636","adaptive indirect"
"674","0.967077348836696","0.963230697705673","adaptive indirect"
"675","0.810204947856234","1.09837450654039","adaptive indirect"
"676","1.007736545634","0.891590015077048","adaptive indirect"
"677","0.892230829205108","0.993040271605589","adaptive indirect"
"678","0.869397367786992","1.11118980510486","adaptive indirect"
"679","0.997630059164027","0.870812098027324","adaptive indirect"
"680","1.07906513837008","1.32360613830852","adaptive indirect"
"681","0.846618841611769","0.983603873391641","adaptive indirect"
"682","1.20549521504706","0.875935653724989","adaptive indirect"
"683","1.07887099240199","0.903286802119536","adaptive indirect"
"684","0.757998832719369","1.01081686114629","adaptive indirect"
"685","1.21099551481177","1.04965881595177","adaptive indirect"
"686","1.00186738368758","1.17539101429066","adaptive indirect"
"687","1.18926989548788","0.951596573637298","adaptive indirect"
"688","0.932673318322081","0.961700089103459","adaptive indirect"
"689","0.799284497222856","1.17918967738797","adaptive indirect"
"690","0.982625432685775","1.15970790347836","adaptive indirect"
"691","0.84177429784127","1.33130681476034","adaptive indirect"
"692","0.967745761734078","0.943851228648684","adaptive indirect"
"693","1.00232621560099","0.964622578627359","adaptive indirect"
"694","0.881304577712487","1.14573071662013","adaptive indirect"
"695","0.914529483919484","1.02533448005474","adaptive indirect"
"696","0.912176159712468","1.09071119665175","adaptive indirect"
"697","0.882193306819578","1.02577249076381","adaptive indirect"
"698","0.956919528059033","1.16532683122337","adaptive indirect"
"699","0.815491157239622","1.28404902972587","adaptive indirect"
"700","1.07626169720577","0.843436799891917","adaptive indirect"
"701","0.866452211865391","1.22698311296511","adaptive indirect"
"702","1.08483164767084","0.98410056176398","adaptive indirect"
"703","0.793202637273756","0.830601287340221","adaptive indirect"
"704","0.823510662002688","1.35594773573563","adaptive indirect"
"705","1.0168687880428","0.952884195354373","adaptive indirect"
"706","0.759187675362779","1.38818420474762","adaptive indirect"
"707","1.00347127371989","1.22296218295763","adaptive indirect"
"708","1.03116254004109","0.942092198561529","adaptive indirect"
"709","1.22034226891487","1.07985452740446","adaptive indirect"
"710","1.08281654638803","1.01667890743452","adaptive indirect"
"711","0.891279992459064","0.86827782177913","adaptive indirect"
"712","0.990342137524031","0.797516921052669","adaptive indirect"
"713","0.938491063898715","1.21102007852662","adaptive indirect"
"714","1.18466018708518","1.06668692381837","adaptive indirect"
"715","1.04322637395002","1.03207262561281","adaptive indirect"
"716","0.873049921547234","1.0266843676352","adaptive indirect"
"717","1.02052244421561","0.977724566433269","adaptive indirect"
"718","1.06124712336114","0.887097352750862","adaptive indirect"
"719","1.14343866493456","0.807571295575221","adaptive indirect"
"720","0.684543661861904","0.988537590664631","adaptive indirect"
"721","1.00179717445729","0.984646360049518","adaptive indirect"
"722","0.980588109080645","0.998761800087841","adaptive indirect"
"723","0.869493891766157","1.10955722025866","adaptive indirect"
"724","0.990301107930749","1.11037948040118","adaptive indirect"
"725","1.01286611047864","0.894655104725275","adaptive indirect"
"726","1.0780162095453","1.03122972154188","adaptive indirect"
"727","1.23161661605985","0.856196369693739","adaptive indirect"
"728","0.966453391966276","0.902779707981488","adaptive indirect"
"729","0.59871474247121","1.54500033655829","adaptive indirect"
"730","1.03420862892601","0.885010364839717","adaptive indirect"
"731","1.06749400878387","0.869005034594362","adaptive indirect"
"732","1.07650288205693","1.03670561948118","adaptive indirect"
"733","1.04918678724619","0.890925801116482","adaptive indirect"
"734","0.957380898395619","0.787429151712266","adaptive indirect"
"735","1.07226331139509","0.94169248301794","adaptive indirect"
"736","0.977441158197227","1.05239776627672","adaptive indirect"
"737","1.14320670809524","0.85145796659498","adaptive indirect"
"738","0.856715349035014","1.14590317616629","adaptive indirect"
"739","1.09710079266683","1.17197532042783","adaptive indirect"
"740","1.09149132563871","1.00171197886425","adaptive indirect"
"741","0.962495285903934","0.814070732503304","adaptive indirect"
"742","1.26982084286336","0.945817853298242","adaptive indirect"
"743","1.026194948574","1.01927622819065","adaptive indirect"
"744","0.919109905367711","0.762619041803314","adaptive indirect"
"745","0.819246882072166","1.09176408084013","adaptive indirect"
"746","1.16444005787835","0.982739635338568","adaptive indirect"
"747","1.12616099891245","0.948967599289204","adaptive indirect"
"748","1.12081636330372","0.952824752981152","adaptive indirect"
"749","1.16843218947597","1.08517311463627","adaptive indirect"
"750","0.911662676247218","0.927905333286195","adaptive indirect"
"751","0.891599983850308","0.931821333148824","adaptive indirect"
"752","0.946821405946199","0.833927547559723","adaptive indirect"
"753","1.03751394613535","1.03123727803459","adaptive indirect"
"754","0.977413870919289","1.13933319811207","adaptive indirect"
"755","0.852872986584044","0.889727259397423","adaptive indirect"
"756","1.15737715712309","1.09133433202243","adaptive indirect"
"757","0.941141266234621","0.90215039465212","adaptive indirect"
"758","1.08644120673472","1.01659972433055","adaptive indirect"
"759","0.958251705450404","1.12579439568073","adaptive indirect"
"760","0.940881493779356","1.00499756928471","adaptive indirect"
"761","0.776706324958286","1.23291954186873","adaptive indirect"
"762","0.957353379534179","0.930457083861421","adaptive indirect"
"763","0.823474032663542","1.09384096688351","adaptive indirect"
"764","1.04315152382825","1.07093244079041","adaptive indirect"
"765","1.12649511955462","1.15795035454377","adaptive indirect"
"766","0.930536350191606","0.990933944281095","adaptive indirect"
"767","1.06574288887897","1.15064678243295","adaptive indirect"
"768","0.973055389316225","0.990844732499606","adaptive indirect"
"769","0.848561388917686","0.938262928146056","adaptive indirect"
"770","1.12653709649627","1.01584142584582","adaptive indirect"
"771","1.13689993778936","0.997328314629961","adaptive indirect"
"772","0.943941233701357","0.805180903672643","adaptive indirect"
"773","1.11376737491642","0.771375368806938","adaptive indirect"
"774","1.00302644271982","1.24887450334336","adaptive indirect"
"775","0.921402114648287","0.894294768058899","adaptive indirect"
"776","0.804626155840633","1.1656001338369","adaptive indirect"
"777","1.01734362573515","0.887134762870582","adaptive indirect"
"778","0.890713282751639","0.93397042327362","adaptive indirect"
"779","0.840003044414354","1.15106236010027","adaptive indirect"
"780","1.05566227268794","1.08618313217016","adaptive indirect"
"781","1.08507733907182","1.17556428888547","adaptive indirect"
"782","0.99677464492359","0.959843008774668","adaptive indirect"
"783","0.841307721617542","1.47496283170191","adaptive indirect"
"784","1.03835438289541","1.05289460414741","adaptive indirect"
"785","1.15628331039502","0.927764572526097","adaptive indirect"
"786","0.984566876016632","1.06917798311802","adaptive indirect"
"787","0.899220761459284","1.01812330811392","adaptive indirect"
"788","0.987414920934506","0.969465996917489","adaptive indirect"
"789","0.972733601687707","0.852447720805879","adaptive indirect"
"790","1.14479947884706","1.01612613157654","adaptive indirect"
"791","0.677940080123721","1.09485898582969","adaptive indirect"
"792","0.956310809508221","0.9368579701118","adaptive indirect"
"793","0.999694075131705","0.867757909045496","adaptive indirect"
"794","1.06784452313754","0.642679911159032","adaptive indirect"
"795","0.748989079325049","1.2245187260853","adaptive indirect"
"796","0.963756608300285","1.00997993302475","adaptive indirect"
"797","0.931193458764676","0.702529794269352","adaptive indirect"
"798","1.01384414535176","0.998568822147953","adaptive indirect"
"799","0.829516516163141","0.951473732875396","adaptive indirect"
"800","1.0258128623336","0.887371695875765","adaptive indirect"
"801","0.942131828153596","0.992258985145063","adaptive indirect"
"802","1.03984653764637","0.883690619267852","adaptive indirect"
"803","1.02107327261011","0.9591044008826","adaptive indirect"
"804","0.900389688812058","0.92877585853177","adaptive indirect"
"805","1.01705918583767","0.730010252958161","adaptive indirect"
"806","0.930246549658534","1.12337772840543","adaptive indirect"
"807","0.919300599166375","1.02701272542676","adaptive indirect"
"808","1.03210389537846","1.25592552045902","adaptive indirect"
"809","0.752079545679521","1.54390416276058","adaptive indirect"
"810","0.961000027384901","1.17530556133487","adaptive indirect"
"811","1.01780370130425","0.914296501653875","adaptive indirect"
"812","0.999596895841486","1.10810804206864","adaptive indirect"
"813","1.12929215251651","1.11854139183601","adaptive indirect"
"814","0.923603915009205","1.30071876564563","adaptive indirect"
"815","0.787816061545134","1.14235031038419","adaptive indirect"
"816","1.01387799875512","1.04391333644128","adaptive indirect"
"817","1.00464030726048","0.982467905815738","adaptive indirect"
"818","0.943178343539991","0.722162267897325","adaptive indirect"
"819","1.03148228357717","0.906693217224872","adaptive indirect"
"820","0.921877138967496","0.942871048981418","adaptive indirect"
"821","0.962819512274977","1.15119144535695","adaptive indirect"
"822","0.986354755932167","0.977592223050423","adaptive indirect"
"823","0.900789120837206","0.986456826485502","adaptive indirect"
"824","1.13785315007284","0.8314566431476","adaptive indirect"
"825","0.854333990055804","1.0865725177625","adaptive indirect"
"826","1.04747112562989","0.969018382992753","adaptive indirect"
"827","0.958527326300242","0.884735051435593","adaptive indirect"
"828","0.818057196706949","1.14864720581484","adaptive indirect"
"829","0.994930552530421","1.05996654160782","adaptive indirect"
"830","1.09888284485738","1.18022890387195","adaptive indirect"
"831","0.949728903007996","1.05640713512179","adaptive indirect"
"832","1.15494087534658","1.00968291984923","adaptive indirect"
"833","0.956416663469072","1.24516632278618","adaptive indirect"
"834","1.07063088821906","1.0109115352256","adaptive indirect"
"835","0.845557961148234","1.00469905448285","adaptive indirect"
"836","0.984069084924952","0.724987109298736","adaptive indirect"
"837","1.07910468212851","1.08161664288685","adaptive indirect"
"838","1.00778488837172","0.920308639693068","adaptive indirect"
"839","1.15017957296163","0.824738580142306","adaptive indirect"
"840","0.981260759634029","0.984901925183265","adaptive indirect"
"841","0.90601679860222","1.02186079089724","adaptive indirect"
"842","1.0252940685571","1.11324447298834","adaptive indirect"
"843","0.886201664029285","1.04679304092112","adaptive indirect"
"844","0.965746784144483","1.03827635543518","adaptive indirect"
"845","0.990770527940586","0.978419615663071","adaptive indirect"
"846","1.05107184013929","1.10077997158619","adaptive indirect"
"847","1.06129524977584","1.03001550349853","adaptive indirect"
"848","1.05294203708864","0.926605826001283","adaptive indirect"
"849","1.15021863372662","0.908682836327128","adaptive indirect"
"850","1.18349050501126","1.1347834802832","adaptive indirect"
"851","0.987515057068217","1.0328546808772","adaptive indirect"
"852","1.04775725365401","1.03733006562069","adaptive indirect"
"853","0.855072520531695","0.964743787256003","adaptive indirect"
"854","0.97636855480051","1.04356391859565","adaptive indirect"
"855","1.10683161143472","1.30016524811735","adaptive indirect"
"856","0.940156608397291","1.08362599479401","adaptive indirect"
"857","1.0359196938469","0.884448677733189","adaptive indirect"
"858","0.902719892924334","1.18048398286076","adaptive indirect"
"859","1.13696963674787","0.92994208027738","adaptive indirect"
"860","0.901654296743489","1.10720059982736","adaptive indirect"
"861","0.875849076013972","1.1638419633275","adaptive indirect"
"862","0.962375652732168","1.00183601604895","adaptive indirect"
"863","1.08313559051169","0.983575909867249","adaptive indirect"
"864","0.979126852797672","0.914950428885346","adaptive indirect"
"865","1.10424697737115","0.894185042342994","adaptive indirect"
"866","1.02011213337682","0.738792823786076","adaptive indirect"
"867","1.04149925051522","1.18202769786626","adaptive indirect"
"868","1.12743409792084","0.860931496733704","adaptive indirect"
"869","0.918710155899449","1.0383914642361","adaptive indirect"
"870","1.00485528287305","1.03729515764986","adaptive indirect"
"871","0.864744559895322","1.05240109299099","adaptive indirect"
"872","0.999255968825209","1.12609720911279","adaptive indirect"
"873","0.861314629029409","0.988189924520387","adaptive indirect"
"874","0.858209311184572","1.00292733930728","adaptive indirect"
"875","1.00775823917849","1.1547188380994","adaptive indirect"
"876","0.918222691139592","0.968297708749422","adaptive indirect"
"877","0.943289201685808","1.00128240773525","adaptive indirect"
"878","1.14906495180958","0.942139493264956","adaptive indirect"
"879","1.16510677457251","1.07728587188335","adaptive indirect"
"880","0.960618950476507","1.07817360330237","adaptive indirect"
"881","1.16546155444046","1.03887853896595","adaptive indirect"
"882","1.12528631456998","0.980512912138587","adaptive indirect"
"883","0.827279592467779","1.17428105493267","adaptive indirect"
"884","1.05932007935356","0.949290745067176","adaptive indirect"
"885","0.927039345196515","0.875244104894073","adaptive indirect"
"886","1.24291335662419","1.25348993657729","adaptive indirect"
"887","0.960559793712367","0.782164789261172","adaptive indirect"
"888","0.975116501951812","1.07286518707349","adaptive indirect"
"889","1.1465097469425","1.10591104372525","adaptive indirect"
"890","1.29082035452556","0.958257778405993","adaptive indirect"
"891","1.15525894675554","0.949445411534903","adaptive indirect"
"892","1.07533779143235","0.869095943675573","adaptive indirect"
"893","0.820511219576854","1.3210423929265","adaptive indirect"
"894","0.899718179406953","1.07389676656398","adaptive indirect"
"895","0.972342376105201","0.988261840806765","adaptive indirect"
"896","1.01582699590187","0.809592278105049","adaptive indirect"
"897","1.02693227562394","0.997533429967141","adaptive indirect"
"898","1.05426626604444","0.929241143209751","adaptive indirect"
"899","1.03318000758036","0.87445791936617","adaptive indirect"
"900","0.966949753676407","0.944877335587501","adaptive indirect"
"901","1.08077071674098","1.01906354017869","adaptive indirect"
"902","0.97871662287766","1.29791278128357","adaptive indirect"
"903","1.00214401020679","1.28317695082404","adaptive indirect"
"904","1.04139354966568","1.01145892361157","adaptive indirect"
"905","0.938300463522603","0.870544142915403","adaptive indirect"
"906","0.830765702697467","1.13175515003065","adaptive indirect"
"907","0.831072640155786","1.07533274928171","adaptive indirect"
"908","1.12639205463848","1.04605260092527","adaptive indirect"
"909","1.01252317938328","0.962851267203335","adaptive indirect"
"910","0.871314286185846","1.21198559961616","adaptive indirect"
"911","0.842114999709561","1.06624250362558","adaptive indirect"
"912","1.05807522705357","0.945064629456404","adaptive indirect"
"913","0.984986084252173","1.03433394047591","adaptive indirect"
"914","1.12631307607265","1.04646672006023","adaptive indirect"
"915","1.02412696771798","0.88478694798465","adaptive indirect"
"916","0.949448667620265","0.868273305996661","adaptive indirect"
"917","0.958955313882402","0.892217209124127","adaptive indirect"
"918","0.983052705532351","1.0583871525637","adaptive indirect"
"919","1.08255149993489","0.951896811465224","adaptive indirect"
"920","0.87927342169465","1.38505890356389","adaptive indirect"
"921","1.07736775732726","0.979247078169288","adaptive indirect"
"922","0.778954904187461","1.16136191800667","adaptive indirect"
"923","0.948361088870895","0.916412648181422","adaptive indirect"
"924","0.986298599446393","0.853287603947954","adaptive indirect"
"925","0.944378845940193","1.00715039162333","adaptive indirect"
"926","1.11156023504369","1.1883351999486","adaptive indirect"
"927","0.724305042659541","1.01099220203196","adaptive indirect"
"928","0.937571811495627","1.17126105830303","adaptive indirect"
"929","0.838499288279886","0.969542566024623","adaptive indirect"
"930","1.01393385000321","1.03520293629866","adaptive indirect"
"931","1.12117051317194","0.906480681825978","adaptive indirect"
"932","1.1464616284419","0.803655180923443","adaptive indirect"
"933","1.03843225055851","0.864054129283521","adaptive indirect"
"934","0.924727015183382","1.010491731465","adaptive indirect"
"935","1.00782928706682","0.898786301788958","adaptive indirect"
"936","0.848491345537859","1.14218844835891","adaptive indirect"
"937","0.89491252414367","0.739845322365351","adaptive indirect"
"938","0.961991374553694","0.898961579432785","adaptive indirect"
"939","1.07851459972313","0.886869489072147","adaptive indirect"
"940","0.849852910367534","0.926883006183884","adaptive indirect"
"941","0.882927631769131","0.930691672185247","adaptive indirect"
"942","1.07395701396704","0.846582203125732","adaptive indirect"
"943","0.966565015127616","0.942040801821563","adaptive indirect"
"944","0.931647131280143","0.909493023605449","adaptive indirect"
"945","0.934402992771493","1.01681532841869","adaptive indirect"
"946","1.03827535450337","0.826051643111463","adaptive indirect"
"947","0.814375141234915","1.09789825996348","adaptive indirect"
"948","1.08228119138638","1.07698645462991","adaptive indirect"
"949","0.948298645160846","1.13706309315825","adaptive indirect"
"950","0.951370413058091","0.759376767052759","adaptive indirect"
"951","1.11244346538308","0.892438814415893","adaptive indirect"
"952","1.05280977444661","1.06725103248656","adaptive indirect"
"953","0.922323151950726","0.988326452258639","adaptive indirect"
"954","1.03347015634132","1.23136847185534","adaptive indirect"
"955","0.722888276583241","1.13280106708604","adaptive indirect"
"956","1.05807907271574","0.764530979376686","adaptive indirect"
"957","1.02918970534949","1.22892868623334","adaptive indirect"
"958","1.08288705244199","1.10182209970688","adaptive indirect"
"959","1.21480787497814","1.08912855756429","adaptive indirect"
"960","0.994708330933631","1.02909031044774","adaptive indirect"
"961","1.04171439424077","1.08727206606425","adaptive indirect"
"962","0.980072721397464","1.03941087206348","adaptive indirect"
"963","0.863861604897922","0.859567174552865","adaptive indirect"
"964","0.994991697951395","0.898961111202187","adaptive indirect"
"965","0.996258116072577","1.03371741372155","adaptive indirect"
"966","1.00286352341154","1.17713803029341","adaptive indirect"
"967","0.976307159394383","0.934548914119997","adaptive indirect"
"968","0.85662755280926","1.14661118885261","adaptive indirect"
"969","0.900523709251516","1.4068964731163","adaptive indirect"
"970","1.00003235062848","0.977823819422351","adaptive indirect"
"971","0.978610884602547","1.00086791229955","adaptive indirect"
"972","0.984613486909809","1.10492782897167","adaptive indirect"
"973","0.861783988219862","1.17819755560671","adaptive indirect"
"974","1.04579880528124","0.907191829804403","adaptive indirect"
"975","1.04481902627998","1.0951196981707","adaptive indirect"
"976","1.13903661368517","1.00352510318681","adaptive indirect"
"977","1.16663184101795","0.967976119633082","adaptive indirect"
"978","1.04130936637054","1.04952536719611","adaptive indirect"
"979","1.08746746578759","0.686381296021228","adaptive indirect"
"980","0.92113714638762","0.880697796539618","adaptive indirect"
"981","1.01377625270286","0.802661614543771","adaptive indirect"
"982","0.8698788540468","1.3676954954007","adaptive indirect"
"983","1.0279035351117","1.01437883792618","adaptive indirect"
"984","1.02194228136863","0.694174932681496","adaptive indirect"
"985","0.860887201478682","1.14608712558018","adaptive indirect"
"986","1.10932837607866","1.0026248328642","adaptive indirect"
"987","0.994794647477311","1.05792411603051","adaptive indirect"
"988","1.14308140903163","0.772364406513026","adaptive indirect"
"989","0.9848874645297","0.932769141766278","adaptive indirect"
"990","1.3952884607631","0.943464775752653","adaptive indirect"
"991","1.08208767901161","0.881661325359389","adaptive indirect"
"992","0.96852218800359","1.11010463114463","adaptive indirect"
"993","0.938682645727106","1.09262287552666","adaptive indirect"
"994","0.825954024247586","1.08634727382372","adaptive indirect"
"995","1.07865176896354","1.06160366397898","adaptive indirect"
"996","0.906398925766489","0.995500815394004","adaptive indirect"
"997","1.13753937895031","0.98240072635516","adaptive indirect"
"998","0.997408136342842","0.782840263479724","adaptive indirect"
"999","0.858560563662435","0.977528534878149","adaptive indirect"
"1000","0.990257517889073","1.0459315093957","adaptive indirect"
